hillhouse2/media/images/gallery/exterior/prestige-hill-2-12-1920x2560.jpg	hillhouse2/media/images/gallery/exterior/thumbs/prestige-hill-2-12-1920x2560.jpg	264x152
hillhouse2/media/images/gallery/exterior/prestige-hill-2-4-1920x2560.jpg	hillhouse2/media/images/gallery/exterior/thumbs/prestige-hill-2-4-1920x2560.jpg	264x152
hillhouse2/media/images/gallery/exterior/prestige-hill-2-16-1920x2560.jpg	hillhouse2/media/images/gallery/exterior/thumbs/prestige-hill-2-16-1920x2560.jpg	264x152
hillhouse2/media/images/gallery/exterior/prestige-hill-2-8-1920x3413.jpg	hillhouse2/media/images/gallery/exterior/thumbs/prestige-hill-2-8-1920x3413.jpg	264x152
hillhouse2/media/images/gallery/exterior/prestige-hill-2-2-1920x3413.jpg	hillhouse2/media/images/gallery/exterior/thumbs/prestige-hill-2-2-1920x3413.jpg	264x152
hillhouse2/media/images/gallery/exterior/prestige-hill-2-9-1920x3413.jpg	hillhouse2/media/images/gallery/exterior/thumbs/prestige-hill-2-9-1920x3413.jpg	264x152
hillhouse2/media/images/gallery/exterior/IMG_1832.jpeg	hillhouse2/media/images/gallery/exterior/thumbs/IMG_1832.jpeg	264x152
hillhouse2/media/images/gallery/hall/prestige-hill-2-1-3-1920x3413.jpeg	hillhouse2/media/images/gallery/hall/thumbs/prestige-hill-2-1-3-1920x3413.jpeg	264x152
hillhouse2/media/images/gallery/hall/prestige-hill-2-1-1-1920x3413.jpeg	hillhouse2/media/images/gallery/hall/thumbs/prestige-hill-2-1-1-1920x3413.jpeg	264x152
hillhouse2/media/images/gallery/hall/prestige-hill-2-1-4-1920x3413.jpeg	hillhouse2/media/images/gallery/hall/thumbs/prestige-hill-2-1-4-1920x3413.jpeg	264x152
hillhouse2/media/images/gallery/hall/IMG_5570.jpeg	hillhouse2/media/images/gallery/hall/thumbs/IMG_5570.jpeg	264x152
hillhouse2/media/images/gallery/hall/IMG_5773.jpeg	hillhouse2/media/images/gallery/hall/thumbs/IMG_5773.jpeg	264x152
hillhouse2/media/images/gallery/hall/prestige-hill-2-1-2-1920x3413.jpeg	hillhouse2/media/images/gallery/hall/thumbs/prestige-hill-2-1-2-1920x3413.jpeg	264x152
hillhouse2/media/images/gallery/hall/prestige-hill-2-1-5-1920x3413.jpeg	hillhouse2/media/images/gallery/hall/thumbs/prestige-hill-2-1-5-1920x3413.jpeg	264x152
hillhouse2/media/images/gallery/hall/prestige-hill-2-18-1920x3413.jpeg	hillhouse2/media/images/gallery/hall/thumbs/prestige-hill-2-18-1920x3413.jpeg	264x152
hillhouse2/media/images/gallery/hall/IMG_5547.jpeg	hillhouse2/media/images/gallery/hall/thumbs/IMG_5547.jpeg	264x152
hillhouse2/media/images/gallery/hall/IMG_5527.jpeg	hillhouse2/media/images/gallery/hall/thumbs/IMG_5527.jpeg	264x152
hillhouse2/media/images/gallery/hall/IMG_5546.jpeg	hillhouse2/media/images/gallery/hall/thumbs/IMG_5546.jpeg	264x152
hillhouse2/media/images/gallery/hall/IMG_5552.jpeg	hillhouse2/media/images/gallery/hall/thumbs/IMG_5552.jpeg	264x152
hillhouse2/media/images/gallery/hall/IMG_5556.jpeg	hillhouse2/media/images/gallery/hall/thumbs/IMG_5556.jpeg	264x152
hillhouse2/media/images/gallery/hall/prestige-hill-2-1-10-1920x3413.jpeg	hillhouse2/media/images/gallery/hall/thumbs/prestige-hill-2-1-10-1920x3413.jpeg	264x152
hillhouse2/media/images/gallery/hall/IMG_5561.jpeg	hillhouse2/media/images/gallery/hall/thumbs/IMG_5561.jpeg	264x152
hillhouse2/media/images/gallery/hall/IMG_5568.jpeg	hillhouse2/media/images/gallery/hall/thumbs/IMG_5568.jpeg	264x152
hillhouse2/media/images/gallery/interior/prestige-hill-2-5-1920x3413.jpg	hillhouse2/media/images/gallery/interior/thumbs/prestige-hill-2-5-1920x3413.jpg	264x152
hillhouse2/media/images/gallery/interior/prestige-hill-2-1-1920x3413.jpeg	hillhouse2/media/images/gallery/interior/thumbs/prestige-hill-2-1-1920x3413.jpeg	264x152
hillhouse2/media/images/gallery/interior/prestige-hill-2-6-1920x3413.jpeg	hillhouse2/media/images/gallery/interior/thumbs/prestige-hill-2-6-1920x3413.jpeg	264x152
hillhouse2/media/images/gallery/interior/prestige-hill-2-6-1920x3413.jpg	hillhouse2/media/images/gallery/interior/thumbs/prestige-hill-2-6-1920x3413.jpg	264x152
hillhouse2/media/images/gallery/interior/prestige-hill-2-17-1920x3413.jpg	hillhouse2/media/images/gallery/interior/thumbs/prestige-hill-2-17-1920x3413.jpg	264x152
hillhouse2/media/images/gallery/interior/prestige-hill-2-4-1920x3413.jpeg	hillhouse2/media/images/gallery/interior/thumbs/prestige-hill-2-4-1920x3413.jpeg	264x152
hillhouse2/media/images/gallery/interior/prestige-hill-2-15-1920x3413.jpg	hillhouse2/media/images/gallery/interior/thumbs/prestige-hill-2-15-1920x3413.jpg	264x152
hillhouse2/media/images/gallery/interior/prestige-hill-2-15-1920x3413.jpeg	hillhouse2/media/images/gallery/interior/thumbs/prestige-hill-2-15-1920x3413.jpeg	264x152
hillhouse2/media/images/gallery/interior/prestige-hill-2-21-1920x3413.jpeg	hillhouse2/media/images/gallery/interior/thumbs/prestige-hill-2-21-1920x3413.jpeg	264x152
hillhouse2/media/images/gallery/interior/prestige-hill-2-11-1920x3413.jpeg	hillhouse2/media/images/gallery/interior/thumbs/prestige-hill-2-11-1920x3413.jpeg	264x152
hillhouse2/media/images/gallery/interior/prestige-hill-2-14-1920x3413.jpeg	hillhouse2/media/images/gallery/interior/thumbs/prestige-hill-2-14-1920x3413.jpeg	264x152
hillhouse2/media/images/gallery/interior/prestige-hill-2-12-1920x3413.jpeg	hillhouse2/media/images/gallery/interior/thumbs/prestige-hill-2-12-1920x3413.jpeg	264x152
hillhouse2/media/images/gallery/interior/prestige-hill-2-3-1920x3413.jpeg	hillhouse2/media/images/gallery/interior/thumbs/prestige-hill-2-3-1920x3413.jpeg	264x152
hillhouse2/media/images/gallery/interior/prestige-hill-2-8-1920x3413.jpeg	hillhouse2/media/images/gallery/interior/thumbs/prestige-hill-2-8-1920x3413.jpeg	264x152
hillhouse2/media/images/gallery/interior/prestige-hill-2-7-1920x3413.jpeg	hillhouse2/media/images/gallery/interior/thumbs/prestige-hill-2-7-1920x3413.jpeg	264x152
hillhouse2/media/images/gallery/interior/prestige-hill-2-7-1920x3413.jpg	hillhouse2/media/images/gallery/interior/thumbs/prestige-hill-2-7-1920x3413.jpg	264x152
hillhouse2/media/images/gallery/interior/prestige-hill-2-16-1920x3413.jpeg	hillhouse2/media/images/gallery/interior/thumbs/prestige-hill-2-16-1920x3413.jpeg	264x152
hillhouse2/media/images/gallery/interior/prestige-hill-2-13-1920x3413.jpg	hillhouse2/media/images/gallery/interior/thumbs/prestige-hill-2-13-1920x3413.jpg	264x152
hillhouse2/media/images/gallery/interior/prestige-hill-2-17-1920x3413.jpeg	hillhouse2/media/images/gallery/interior/thumbs/prestige-hill-2-17-1920x3413.jpeg	264x152
hillhouse2/media/images/gallery/interior/prestige-hill-2-10-1920x3413.jpeg	hillhouse2/media/images/gallery/interior/thumbs/prestige-hill-2-10-1920x3413.jpeg	264x152
hillhouse2/media/images/gallery/interior/prestige-hill-2-9-1920x3413.jpeg	hillhouse2/media/images/gallery/interior/thumbs/prestige-hill-2-9-1920x3413.jpeg	264x152
hillhouse2/media/images/gallery/interior/IMG_1808.jpeg	hillhouse2/media/images/gallery/interior/thumbs/IMG_1808.jpeg	264x152
hillhouse2/media/images/gallery/events/IMG_4448.jpeg	hillhouse2/media/images/gallery/events/thumbs/IMG_4448.jpeg	264x152
hillhouse/media/images/gallery/events/poolside-table-gold.jpg	hillhouse/media/images/gallery/events/covers/poolside-table-gold.jpg	960x560
hillhouse2/media/images/gallery/exterior/prestige-hill-2-12-1920x2560.jpg	hillhouse2/media/images/gallery/exterior/covers/prestige-hill-2-12-1920x2560.jpg	960x560
hillhouse/media/images/gallery/productions/couple-shoot-poolside.jpg	hillhouse/media/images/gallery/productions/covers/couple-shoot-poolside.jpg	480x560
hillhouse2/media/images/gallery/hall/prestige-hill-2-1-3-1920x3413.jpeg	hillhouse2/media/images/gallery/hall/covers/prestige-hill-2-1-3-1920x3413.jpeg	480x560
hillhouse/media/images/gallery/interior/bathroom-marble-gold.jpg	hillhouse/media/images/gallery/interior/covers/bathroom-marble-gold.jpg	480x340
hillhouse/media/images/gallery/outdoor/outdoor-covered-lounge.jpg	hillhouse/media/images/gallery/outdoor/covers/outdoor-covered-lounge.jpg	480x340
hillhouse/media/images/gallery/professional/vila-prestige-hill-15-1920x1438.jpeg	hillhouse/media/images/gallery/professional/covers/vila-prestige-hill-15-1920x1438.jpeg	480x340
hillhouse2/media/images/gallery/interior/prestige-hill-2-5-1920x3413.jpg	hillhouse2/media/images/gallery/interior/covers/prestige-hill-2-5-1920x3413.jpg	480x340
hillhouse2/media/images/gallery/events/IMG_4448.jpeg	hillhouse2/media/images/gallery/events/covers/IMG_4448.jpeg	480x340
hillhouse/media/images/landing_hill_1.jpeg	hillhouse/media/images/landing_hill_1@card.jpg	900x634
hillhouse2/media/images/landing_hill_2.jpg	hillhouse2/media/images/landing_hill_2@card.jpg	900x634
hillhouse/media/images/gallery/professional/vila-prestige-hill-14-1920x1280.jpeg	hillhouse/media/images/gallery/professional/vila-prestige-hill-14@exp.jpeg	900x621
hillhouse/media/images/gallery/interior/jacuzzi-with-food.jpeg	hillhouse/media/images/gallery/interior/jacuzzi-with-food@exp.jpeg	900x621
hillhouse/media/images/gallery/interior/club-lounge-sofas.jpeg	hillhouse/media/images/gallery/interior/club-lounge-sofas@exp.jpeg	900x621
hillhouse2/media/images/gallery/hall/prestige-hill-2-1-3-1920x3413.jpeg	hillhouse2/media/images/gallery/hall/prestige-hill-2-1-3@exp.jpeg	900x621
hillhouse2/media/images/gallery/exterior/prestige-hill-2-16-1920x2560.jpg	hillhouse2/media/images/gallery/exterior/prestige-hill-2-16@exp.jpg	900x621
hillhouse2/media/images/gallery/interior/prestige-hill-2-5-1920x3413.jpg	hillhouse2/media/images/gallery/interior/prestige-hill-2-5@exp.jpg	900x621
hillhouse/media/images/gallery/professional/vila-prestige-hill-29-1920x1440.jpeg	hillhouse/media/images/gallery/professional/vila-prestige-hill-29@why.jpeg	600x698
hillhouse2/media/images/gallery/exterior/B14E38D4-2B36-4D99-9AE6-A3F18BFFC3EC.jpeg	hillhouse2/media/images/gallery/exterior/B14E38D4@why.jpeg	600x698
